Sim Free Apple iPhone 6 16Gb Refurbished – Gold	399.95	http://argos.scene7.com/is/image/Argos/4453440_R_SET?$Listers$	3	[{"author":"Joette","text":"This Sim Free Apple iPhone 6 16Gb Refurbished – Gold is amazing. I didn't follow the normal instruction though and I think it works better. Sim Free Apple iPhone 6 16Gb Refurbished – Gold is absolutely amazing stuff.","rating":2.8,"date":1458738734725},{"author":"Joette","text":"This Sim Free Apple iPhone 6 16Gb Refurbished – Gold was fantastic. I have never been so happy with a product before in my life as I was with the Sim Free Apple iPhone 6 16Gb Refurbished – Gold","rating":4.6,"date":1458738734725},{"author":"Casie","text":"great price, great fit, great brand. purchased a Sim Free Apple iPhone 6 16Gb Refurbished – Gold for my husband who then had me purchase again for a co-worker for secret santa.","rating":1.2,"date":1458738734725}]	On its release last year, the Sim Free Apple iPhone 6 16Gb Refurbished – Gold was met with universal acclaim from both the press and from fans of the brand. Featuring all the latest technologies in its field, it has proved resilient to rival products that have since been released.	3
Sim Free Sony Xperia Z3 Plus Black	349.95	http://argos.scene7.com/is/image/Argos/3914588_R_SET?$Listers$	2	[{"author":"Hsiu","text":"Great fit and solid product, bravo Sim Free Sony Xperia Z3 Plus Black","rating":1,"date":1458738734725},{"author":"Marcella","text":"great price, great fit, great brand. purchased a Sim Free Sony Xperia Z3 Plus Black for my husband who then had me purchase again for a co-worker for secret santa.","rating":1.9,"date":1458738734725},{"author":"Emmett","text":"Not expected as what it is on the picture.. disappointed by the Sim Free Sony Xperia Z3 Plus Black","rating":2.7,"date":1458738734725}]	One of the best-performing in its field, the Sim Free Sony Xperia Z3 Plus Black features light, but strong construction for easy deployment. Experts have praised it as a leader in its field, and it is also remarkably affordable.	3
Sim Free Samsung Galaxy S7- Black	569.95	http://argos.scene7.com/is/image/Argos/5177361_R_SET?$Listers$	2	[{"author":"Alpha","text":"This is a good attempt at a difficult balance - the Sim Free Samsung Galaxy S7- Black has lots of learning opportunities - how do they fit so much in the space available?","rating":1.4,"date":1458738734725},{"author":"Hsiu","text":"Bought the same size as the one it was replacing but I think the new Sim Free Samsung Galaxy S7- Black is smaller than it used to be.","rating":1.3,"date":1458738734725},{"author":"Nelly","text":"great price, great fit, great brand. purchased a Sim Free Samsung Galaxy S7- Black for my husband who then had me purchase again for a co-worker for secret santa.","rating":4.3,"date":1458738734725}]	One of the best-performing in its field, the Sim Free Samsung Galaxy S7- Black features light, but strong construction for easy deployment. Experts have praised it as a leader in its field, and it is also remarkably affordable.	2
Sim Free LG G3 S - Black	129.95	http://argos.scene7.com/is/image/Argos/4188186_R_SET?$Listers$	3	[{"author":"Marcella","text":"Not expected as what it is on the picture.. disappointed by the Sim Free LG G3 S - Black","rating":3.4,"date":1458738734725},{"author":"Marine","text":"This Sim Free LG G3 S - Black is amazing. I didn't follow the normal instruction though and I think it works better. Sim Free LG G3 S - Black is absolutely amazing stuff.","rating":2.9,"date":1458738734725},{"author":"Odessa","text":"great price, great fit, great brand. purchased a Sim Free LG G3 S - Black for my husband who then had me purchase again for a co-worker for secret santa.","rating":2.1,"date":1458738734725}]	One of the best-performing in its field, the Sim Free LG G3 S - Black features light, but strong construction for easy deployment. Experts have praised it as a leader in its field, and it is also remarkably affordable.	5
Sim Free LG G3 Mobile Phone - Black	199.95	http://argos.scene7.com/is/image/Argos/2782340_R_SET?$Listers$	3	[{"author":"Casie","text":"Not expected as what it is on the picture.. disappointed by the Sim Free LG G3 Mobile Phone - Black","rating":2.1,"date":1458738734725},{"author":"Dotty","text":"Great fit and solid product, bravo Sim Free LG G3 Mobile Phone - Black","rating":2.1,"date":1458738734725},{"author":"Stephenie","text":"This Sim Free LG G3 Mobile Phone - Black is amazing. I didn't follow the normal instruction though and I think it works better. Sim Free LG G3 Mobile Phone - Black is absolutely amazing stuff.","rating":3.9,"date":1458738734725}]	The Sim Free LG G3 Mobile Phone - Black is the latest in a line of quality products from this manufacturer, and it is no disappointment. Fans of the 199.95 BETA will love its fully fledged new successor.	4
Sim Free Apple iPhone 6s 64GB Mobile Phone - Space Grey	619	http://argos.scene7.com/is/image/Argos/4537445_R_SET?$Listers$	3	[{"author":"Nelly","text":"Not expected as what it is on the picture.. disappointed by the Sim Free Apple iPhone 6s 64GB Mobile Phone - Space Grey","rating":3.9,"date":1458738734725},{"author":"Rochell","text":"This Sim Free Apple iPhone 6s 64GB Mobile Phone - Space Grey is amazing. I didn't follow the normal instruction though and I think it works better. Sim Free Apple iPhone 6s 64GB Mobile Phone - Space Grey is absolutely amazing stuff.","rating":2.9,"date":1458738734725},{"author":"Julieann","text":"Great fit and solid product, bravo Sim Free Apple iPhone 6s 64GB Mobile Phone - Space Grey","rating":2.3,"date":1458738734725}]	One of the best-performing in its field, the Sim Free Apple iPhone 6s 64GB Mobile Phone - Space Grey features light, but strong construction for easy deployment. Experts have praised it as a leader in its field, and it is also remarkably affordable.	5
Sim Free Samsung Galaxy S6 Edge 32GB Mobile Phone - Gold	499.95	http://argos.scene7.com/is/image/Argos/5205264_R_SET?$Listers$	3	[{"author":"Nakita","text":"This is a good attempt at a difficult balance - the Sim Free Samsung Galaxy S6 Edge 32GB Mobile Phone - Gold has lots of learning opportunities - how do they fit so much in the space available?","rating":2.9,"date":1458738734725},{"author":"Odessa","text":"great price, great fit, great brand. purchased a Sim Free Samsung Galaxy S6 Edge 32GB Mobile Phone - Gold for my husband who then had me purchase again for a co-worker for secret santa.","rating":3.1,"date":1458738734725},{"author":"Marine","text":"This Sim Free Samsung Galaxy S6 Edge 32GB Mobile Phone - Gold was fantastic. I have never been so happy with a product before in my life as I was with the Sim Free Samsung Galaxy S6 Edge 32GB Mobile Phone - Gold","rating":4,"date":1458738734725}]	Perfect for individuals OR families, this product , the Sim Free Samsung Galaxy S6 Edge 32GB Mobile Phone - Gold, is an absolute bargain at £499.95. It is extremely reliable, made with high quality materials, and comes with a 5-year quality guarantee.	2
Sim Free Samsung Galaxy J5 Mobile Phone - White	159.95	http://argos.scene7.com/is/image/Argos/5092697_R_SET?$Listers$	3	[{"author":"Bennie","text":"This Sim Free Samsung Galaxy J5 Mobile Phone - White was fantastic. I have never been so happy with a product before in my life as I was with the Sim Free Samsung Galaxy J5 Mobile Phone - White","rating":3.5,"date":1458738734725},{"author":"Althea","text":"Not expected as what it is on the picture.. disappointed by the Sim Free Samsung Galaxy J5 Mobile Phone - White","rating":3.5,"date":1458738734725},{"author":"Nakita","text":"This Sim Free Samsung Galaxy J5 Mobile Phone - White was fantastic. I have never been so happy with a product before in my life as I was with the Sim Free Samsung Galaxy J5 Mobile Phone - White","rating":1.4,"date":1458738734725}]	On its release last year, the Sim Free Samsung Galaxy J5 Mobile Phone - White was met with universal acclaim from both the press and from fans of the brand. Featuring all the latest technologies in its field, it has proved resilient to rival products that have since been released.	1
Sim Free Samsung Galaxy S6 32GB - Gold	419.95	http://argos.scene7.com/is/image/Argos/3828643_R_SET?$Listers$	3	[{"author":"Dotty","text":"Not expected as what it is on the picture.. disappointed by the Sim Free Samsung Galaxy S6 32GB - Gold","rating":4.7,"date":1458738734725},{"author":"Ashton","text":"Great fit and solid product, bravo Sim Free Samsung Galaxy S6 32GB - Gold","rating":2.1,"date":1458738734725},{"author":"Emmett","text":"This Sim Free Samsung Galaxy S6 32GB - Gold was fantastic. I have never been so happy with a product before in my life as I was with the Sim Free Samsung Galaxy S6 32GB - Gold","rating":3.2,"date":1458738734725}]	The Sim Free Samsung Galaxy S6 32GB - Gold is the latest in a line of quality products from this manufacturer, and it is no disappointment. Fans of the 419.95 BETA will love its fully fledged new successor.	3
Sim Free Apple iPhone 6s 16GB Mobile Phone - Gold	539	http://argos.scene7.com/is/image/Argos/4485858_R_SET?$Listers$	2	[{"author":"Odessa","text":"Bought the same size as the one it was replacing but I think the new Sim Free Apple iPhone 6s 16GB Mobile Phone - Gold is smaller than it used to be.","rating":2.9,"date":1458738734725},{"author":"Sasha","text":"This is a good attempt at a difficult balance - the Sim Free Apple iPhone 6s 16GB Mobile Phone - Gold has lots of learning opportunities - how do they fit so much in the space available?","rating":1.1,"date":1458738734725},{"author":"Stephenie","text":"This is a good attempt at a difficult balance - the Sim Free Apple iPhone 6s 16GB Mobile Phone - Gold has lots of learning opportunities - how do they fit so much in the space available?","rating":2.5,"date":1458738734725}]	Perfect for individuals OR families, this product , the Sim Free Apple iPhone 6s 16GB Mobile Phone - Gold, is an absolute bargain at £539. It is extremely reliable, made with high quality materials, and comes with a 5-year quality guarantee.	1
Sim Free Apple iPhone 6 16GB Mobile Phone - Space Grey	459	http://argos.scene7.com/is/image/Argos/4507860_R_SET?$Listers$	3	[{"author":"Joette","text":"great price, great fit, great brand. purchased a Sim Free Apple iPhone 6 16GB Mobile Phone - Space Grey for my husband who then had me purchase again for a co-worker for secret santa.","rating":4.3,"date":1458738734725},{"author":"Junita","text":"great price, great fit, great brand. purchased a Sim Free Apple iPhone 6 16GB Mobile Phone - Space Grey for my husband who then had me purchase again for a co-worker for secret santa.","rating":1.8,"date":1458738734725},{"author":"Marcella","text":"Not expected as what it is on the picture.. disappointed by the Sim Free Apple iPhone 6 16GB Mobile Phone - Space Grey","rating":3.4,"date":1458738734725}]	Perfect for individuals OR families, this product , the Sim Free Apple iPhone 6 16GB Mobile Phone - Space Grey, is an absolute bargain at £459. It is extremely reliable, made with high quality materials, and comes with a 5-year quality guarantee.	0
Sim Free Samsung Galaxy S6 32GB - Black	419.95	http://argos.scene7.com/is/image/Argos/3916847_R_SET?$Listers$	3	[{"author":"Kathaleen","text":"This Sim Free Samsung Galaxy S6 32GB - Black was fantastic. I have never been so happy with a product before in my life as I was with the Sim Free Samsung Galaxy S6 32GB - Black","rating":4.4,"date":1458738734725},{"author":"Nelly","text":"This is a good attempt at a difficult balance - the Sim Free Samsung Galaxy S6 32GB - Black has lots of learning opportunities - how do they fit so much in the space available?","rating":1.9,"date":1458738734725},{"author":"Emmett","text":"Great fit and solid product, bravo Sim Free Samsung Galaxy S6 32GB - Black","rating":3.9,"date":1458738734725}]	One of the best-performing in its field, the Sim Free Samsung Galaxy S6 32GB - Black features light, but strong construction for easy deployment. Experts have praised it as a leader in its field, and it is also remarkably affordable.	4
Sim Free Sony Xperia Z3 Mobile Phone - Black	279.95	http://argos.scene7.com/is/image/Argos/2923855_R_SET?$Listers$	3	[{"author":"Ashton","text":"This Sim Free Sony Xperia Z3 Mobile Phone - Black was fantastic. I have never been so happy with a product before in my life as I was with the Sim Free Sony Xperia Z3 Mobile Phone - Black","rating":2.7,"date":1458738734726},{"author":"Bennie","text":"Bought the same size as the one it was replacing but I think the new Sim Free Sony Xperia Z3 Mobile Phone - Black is smaller than it used to be.","rating":3.5,"date":1458738734726},{"author":"Ashton","text":"This Sim Free Sony Xperia Z3 Mobile Phone - Black was fantastic. I have never been so happy with a product before in my life as I was with the Sim Free Sony Xperia Z3 Mobile Phone - Black","rating":3.9,"date":1458738734726}]	One of the best-performing in its field, the Sim Free Sony Xperia Z3 Mobile Phone - Black features light, but strong construction for easy deployment. Experts have praised it as a leader in its field, and it is also remarkably affordable.	2
Sim Free Microsoft Lumia 550 Mobile Phone - Black	79.95	http://argos.scene7.com/is/image/Argos/5078185_R_SET?$Listers$	3	[{"author":"Nakita","text":"Great fit and solid product, bravo Sim Free Microsoft Lumia 550 Mobile Phone - Black","rating":4,"date":1458738734726},{"author":"Alpha","text":"This Sim Free Microsoft Lumia 550 Mobile Phone - Black was fantastic. I have never been so happy with a product before in my life as I was with the Sim Free Microsoft Lumia 550 Mobile Phone - Black","rating":2.1,"date":1458738734726},{"author":"Margret","text":"Not expected as what it is on the picture.. disappointed by the Sim Free Microsoft Lumia 550 Mobile Phone - Black","rating":3.9,"date":1458738734726}]	One of the best-performing in its field, the Sim Free Microsoft Lumia 550 Mobile Phone - Black features light, but strong construction for easy deployment. Experts have praised it as a leader in its field, and it is also remarkably affordable.	3
Sim Free Samsung Galaxy J5 Mobile Phone	159.95	http://argos.scene7.com/is/image/Argos/5055445_R_SET?$Listers$	3	[{"author":"Nakita","text":"Not expected as what it is on the picture.. disappointed by the Sim Free Samsung Galaxy J5 Mobile Phone","rating":3.9,"date":1458738734726},{"author":"Lorenza","text":"This is a good attempt at a difficult balance - the Sim Free Samsung Galaxy J5 Mobile Phone has lots of learning opportunities - how do they fit so much in the space available?","rating":1.8,"date":1458738734726},{"author":"Odessa","text":"Bought the same size as the one it was replacing but I think the new Sim Free Samsung Galaxy J5 Mobile Phone is smaller than it used to be.","rating":3.2,"date":1458738734726}]	Perfect for individuals OR families, this product , the Sim Free Samsung Galaxy J5 Mobile Phone, is an absolute bargain at £159.95. It is extremely reliable, made with high quality materials, and comes with a 5-year quality guarantee.	4
Sim Free Microsoft Lumia 535 Mobile Phone - Black	79.95	http://argos.scene7.com/is/image/Argos/3463565_R_SET?$Listers$	2	[{"author":"Burma","text":"great price, great fit, great brand. purchased a Sim Free Microsoft Lumia 535 Mobile Phone - Black for my husband who then had me purchase again for a co-worker for secret santa.","rating":2.8,"date":1458738734726},{"author":"Althea","text":"Great fit and solid product, bravo Sim Free Microsoft Lumia 535 Mobile Phone - Black","rating":1.7,"date":1458738734726},{"author":"Burma","text":"Great fit and solid product, bravo Sim Free Microsoft Lumia 535 Mobile Phone - Black","rating":1.7,"date":1458738734726}]	On its release last year, the Sim Free Microsoft Lumia 535 Mobile Phone - Black was met with universal acclaim from both the press and from fans of the brand. Featuring all the latest technologies in its field, it has proved resilient to rival products that have since been released.	1
Sim Free Motorola Moto E 2nd Gen.4G Mobile Phone - Black	69.95	http://argos.scene7.com/is/image/Argos/3829941_R_SET?$Listers$	3	[{"author":"Alpha","text":"great price, great fit, great brand. purchased a Sim Free Motorola Moto E 2nd Gen.4G Mobile Phone - Black for my husband who then had me purchase again for a co-worker for secret santa.","rating":3.3,"date":1458738734726},{"author":"Katelyn","text":"Great fit and solid product, bravo Sim Free Motorola Moto E 2nd Gen.4G Mobile Phone - Black","rating":1.3,"date":1458738734726},{"author":"Kathaleen","text":"Not expected as what it is on the picture.. disappointed by the Sim Free Motorola Moto E 2nd Gen.4G Mobile Phone - Black","rating":4.2,"date":1458738734726}]	The Sim Free Motorola Moto E 2nd Gen.4G Mobile Phone - Black is the latest in a line of quality products from this manufacturer, and it is no disappointment. Fans of the 69.95 BETA will love its fully fledged new successor.	3
Sim Free Microsoft Lumia 435 - Blac	49.95	http://argos.scene7.com/is/image/Argos/4398086_R_SET?$Listers$	3	[{"author":"Burma","text":"This Sim Free Microsoft Lumia 435 - Blac is amazing. I didn't follow the normal instruction though and I think it works better. Sim Free Microsoft Lumia 435 - Blac is absolutely amazing stuff.","rating":1.2,"date":1458738734726},{"author":"Nakita","text":"This Sim Free Microsoft Lumia 435 - Blac was fantastic. I have never been so happy with a product before in my life as I was with the Sim Free Microsoft Lumia 435 - Blac","rating":1.7,"date":1458738734726},{"author":"Nakita","text":"This is a good attempt at a difficult balance - the Sim Free Microsoft Lumia 435 - Blac has lots of learning opportunities - how do they fit so much in the space available?","rating":4.6,"date":1458738734726}]	Perfect for individuals OR families, this product , the Sim Free Microsoft Lumia 435 - Blac, is an absolute bargain at £49.95. It is extremely reliable, made with high quality materials, and comes with a 5-year quality guarantee.	4
Sim Free Sony Xperia M4 Aqua - Black	179.95	http://argos.scene7.com/is/image/Argos/4444215_R_SET?$Listers$	3	[{"author":"Althea","text":"great price, great fit, great brand. purchased a Sim Free Sony Xperia M4 Aqua - Black for my husband who then had me purchase again for a co-worker for secret santa.","rating":2,"date":1458738734726},{"author":"Kathaleen","text":"Not expected as what it is on the picture.. disappointed by the Sim Free Sony Xperia M4 Aqua - Black","rating":1.7,"date":1458738734726},{"author":"Alpha","text":"This Sim Free Sony Xperia M4 Aqua - Black is amazing. I didn't follow the normal instruction though and I think it works better. Sim Free Sony Xperia M4 Aqua - Black is absolutely amazing stuff.","rating":4.1,"date":1458738734726}]	The Sim Free Sony Xperia M4 Aqua - Black is the latest in a line of quality products from this manufacturer, and it is no disappointment. Fans of the 179.95 BETA will love its fully fledged new successor.	2
Sim Free Microsoft Lumia 640 - Black	99.95	http://argos.scene7.com/is/image/Argos/4285065_R_SET?$Listers$	3	[{"author":"Nelly","text":"great price, great fit, great brand. purchased a Sim Free Microsoft Lumia 640 - Black for my husband who then had me purchase again for a co-worker for secret santa.","rating":2.3,"date":1458738734726},{"author":"Stefanie","text":"This Sim Free Microsoft Lumia 640 - Black is amazing. I didn't follow the normal instruction though and I think it works better. Sim Free Microsoft Lumia 640 - Black is absolutely amazing stuff.","rating":3.1,"date":1458738734726},{"author":"Rochell","text":"Bought the same size as the one it was replacing but I think the new Sim Free Microsoft Lumia 640 - Black is smaller than it used to be.","rating":4.6,"date":1458738734726}]	On its release last year, the Sim Free Microsoft Lumia 640 - Black was met with universal acclaim from both the press and from fans of the brand. Featuring all the latest technologies in its field, it has proved resilient to rival products that have since been released.	1
SIM Free Alcatel ONETOUCH Pixi 3 4.5	39.95	http://argos.scene7.com/is/image/Argos/4249575_R_SET?$Listers$	4	[{"author":"Ashton","text":"Not expected as what it is on the picture.. disappointed by the SIM Free Alcatel ONETOUCH Pixi 3 4.5","rating":3.6,"date":1458738734726},{"author":"Kymberly","text":"great price, great fit, great brand. purchased a SIM Free Alcatel ONETOUCH Pixi 3 4.5 for my husband who then had me purchase again for a co-worker for secret santa.","rating":4.7,"date":1458738734726},{"author":"Stefanie","text":"This is a good attempt at a difficult balance - the SIM Free Alcatel ONETOUCH Pixi 3 4.5 has lots of learning opportunities - how do they fit so much in the space available?","rating":2.4,"date":1458738734726}]	On its release last year, the SIM Free Alcatel ONETOUCH Pixi 3 4.5 was met with universal acclaim from both the press and from fans of the brand. Featuring all the latest technologies in its field, it has proved resilient to rival products that have since been released.	4
Sim Free Apple iPhone 5S 16GB Mobile Phone - Space Grey	279	http://argos.scene7.com/is/image/Argos/3315651_R_SET?$Listers$	3	[{"author":"Wan","text":"This Sim Free Apple iPhone 5S 16GB Mobile Phone - Space Grey is amazing. I didn't follow the normal instruction though and I think it works better. Sim Free Apple iPhone 5S 16GB Mobile Phone - Space Grey is absolutely amazing stuff.","rating":3.5,"date":1458738734726},{"author":"Julieann","text":"Not expected as what it is on the picture.. disappointed by the Sim Free Apple iPhone 5S 16GB Mobile Phone - Space Grey","rating":4.1,"date":1458738734726},{"author":"Emmett","text":"This Sim Free Apple iPhone 5S 16GB Mobile Phone - Space Grey was fantastic. I have never been so happy with a product before in my life as I was with the Sim Free Apple iPhone 5S 16GB Mobile Phone - Space Grey","rating":1.7,"date":1458738734726}]	Perfect for individuals OR families, this product , the Sim Free Apple iPhone 5S 16GB Mobile Phone - Space Grey, is an absolute bargain at £279. It is extremely reliable, made with high quality materials, and comes with a 5-year quality guarantee.	4
Sim Free Apple iPhone 6s 16GB Mobile Phone - Space Grey	539	http://argos.scene7.com/is/image/Argos/4553900_R_SET?$Listers$	5	[{"author":"Ashton","text":"This Sim Free Apple iPhone 6s 16GB Mobile Phone - Space Grey was fantastic. I have never been so happy with a product before in my life as I was with the Sim Free Apple iPhone 6s 16GB Mobile Phone - Space Grey","rating":4.1,"date":1458738734726},{"author":"Kathaleen","text":"Not expected as what it is on the picture.. disappointed by the Sim Free Apple iPhone 6s 16GB Mobile Phone - Space Grey","rating":4.6,"date":1458738734726},{"author":"Bennie","text":"Bought the same size as the one it was replacing but I think the new Sim Free Apple iPhone 6s 16GB Mobile Phone - Space Grey is smaller than it used to be.","rating":5,"date":1458738734726}]	Perfect for individuals OR families, this product , the Sim Free Apple iPhone 6s 16GB Mobile Phone - Space Grey, is an absolute bargain at £539. It is extremely reliable, made with high quality materials, and comes with a 5-year quality guarantee.	4
Sim Free Apple iPhone 6s 16GB Mobile Phone - Rose Gold	539	http://argos.scene7.com/is/image/Argos/4532055_R_SET?$Listers$	3	[{"author":"Kitty","text":"Great fit and solid product, bravo Sim Free Apple iPhone 6s 16GB Mobile Phone - Rose Gold","rating":2,"date":1458738734726},{"author":"Lorenza","text":"This Sim Free Apple iPhone 6s 16GB Mobile Phone - Rose Gold is amazing. I didn't follow the normal instruction though and I think it works better. Sim Free Apple iPhone 6s 16GB Mobile Phone - Rose Gold is absolutely amazing stuff.","rating":2.6,"date":1458738734726},{"author":"Dotty","text":"Great fit and solid product, bravo Sim Free Apple iPhone 6s 16GB Mobile Phone - Rose Gold","rating":3.7,"date":1458738734726}]	One of the best-performing in its field, the Sim Free Apple iPhone 6s 16GB Mobile Phone - Rose Gold features light, but strong construction for easy deployment. Experts have praised it as a leader in its field, and it is also remarkably affordable.	0
Sim Free Alba 4 4G Mobile Phone	49.95	http://argos.scene7.com/is/image/Argos/5077904_R_SET?$Listers$	2	[{"author":"Rochell","text":"This Sim Free Alba 4 4G Mobile Phone was fantastic. I have never been so happy with a product before in my life as I was with the Sim Free Alba 4 4G Mobile Phone","rating":2.9,"date":1458738734726},{"author":"Odessa","text":"Great fit and solid product, bravo Sim Free Alba 4 4G Mobile Phone","rating":1.2,"date":1458738734726},{"author":"Kymberly","text":"Great fit and solid product, bravo Sim Free Alba 4 4G Mobile Phone","rating":3.2,"date":1458738734726}]	The Sim Free Alba 4 4G Mobile Phone is the latest in a line of quality products from this manufacturer, and it is no disappointment. Fans of the 49.95 BETA will love its fully fledged new successor.	1
Sim Free Motorola Moto G 16GB Mobile Phone	159.95	http://argos.scene7.com/is/image/Argos/5178906_R_SET?$Listers$	3	[{"author":"Stefanie","text":"This Sim Free Motorola Moto G 16GB Mobile Phone is amazing. I didn't follow the normal instruction though and I think it works better. Sim Free Motorola Moto G 16GB Mobile Phone is absolutely amazing stuff.","rating":1.3,"date":1458738734726},{"author":"Nelly","text":"Not expected as what it is on the picture.. disappointed by the Sim Free Motorola Moto G 16GB Mobile Phone","rating":1.7,"date":1458738734726},{"author":"Julieann","text":"This Sim Free Motorola Moto G 16GB Mobile Phone is amazing. I didn't follow the normal instruction though and I think it works better. Sim Free Motorola Moto G 16GB Mobile Phone is absolutely amazing stuff.","rating":4.7,"date":1458738734726}]	Perfect for individuals OR families, this product , the Sim Free Motorola Moto G 16GB Mobile Phone, is an absolute bargain at £159.95. It is extremely reliable, made with high quality materials, and comes with a 5-year quality guarantee.	3
Sim Free Samsung Galaxy S6 32GB - White	419.95	http://argos.scene7.com/is/image/Argos/3856299_R_SET?$Listers$	3	[{"author":"Julieann","text":"Not expected as what it is on the picture.. disappointed by the Sim Free Samsung Galaxy S6 32GB - White","rating":4.2,"date":1458738734726},{"author":"Bennie","text":"This is a good attempt at a difficult balance - the Sim Free Samsung Galaxy S6 32GB - White has lots of learning opportunities - how do they fit so much in the space available?","rating":4.3,"date":1458738734726},{"author":"Casie","text":"This is a good attempt at a difficult balance - the Sim Free Samsung Galaxy S6 32GB - White has lots of learning opportunities - how do they fit so much in the space available?","rating":1.6,"date":1458738734726}]	The Sim Free Samsung Galaxy S6 32GB - White is the latest in a line of quality products from this manufacturer, and it is no disappointment. Fans of the 419.95 BETA will love its fully fledged new successor.	2
Sim Free Doro 6030 Flip Mobile Phone	49.95	http://argos.scene7.com/is/image/Argos/5039849_R_SET?$Listers$	4	[{"author":"Stefanie","text":"Bought the same size as the one it was replacing but I think the new Sim Free Doro 6030 Flip Mobile Phone is smaller than it used to be.","rating":1.8,"date":1458738734726},{"author":"Stefanie","text":"Bought the same size as the one it was replacing but I think the new Sim Free Doro 6030 Flip Mobile Phone is smaller than it used to be.","rating":3.9,"date":1458738734726},{"author":"Sasha","text":"This Sim Free Doro 6030 Flip Mobile Phone is amazing. I didn't follow the normal instruction though and I think it works better. Sim Free Doro 6030 Flip Mobile Phone is absolutely amazing stuff.","rating":5,"date":1458738734726}]	On its release last year, the Sim Free Doro 6030 Flip Mobile Phone was met with universal acclaim from both the press and from fans of the brand. Featuring all the latest technologies in its field, it has proved resilient to rival products that have since been released.	2
Sim Free Samsung Galaxy Core Prime - White	119.95	http://argos.scene7.com/is/image/Argos/4381196_R_SET?$Listers$	4	[{"author":"Rochell","text":"This Sim Free Samsung Galaxy Core Prime - White is amazing. I didn't follow the normal instruction though and I think it works better. Sim Free Samsung Galaxy Core Prime - White is absolutely amazing stuff.","rating":2.5,"date":1458738734726},{"author":"Sasha","text":"Bought the same size as the one it was replacing but I think the new Sim Free Samsung Galaxy Core Prime - White is smaller than it used to be.","rating":5,"date":1458738734726},{"author":"Odessa","text":"great price, great fit, great brand. purchased a Sim Free Samsung Galaxy Core Prime - White for my husband who then had me purchase again for a co-worker for secret santa.","rating":3.1,"date":1458738734726}]	One of the best-performing in its field, the Sim Free Samsung Galaxy Core Prime - White features light, but strong construction for easy deployment. Experts have praised it as a leader in its field, and it is also remarkably affordable.	0
Sim Free Bush Spira E2X Mobile Phone - Black	129.95	http://argos.scene7.com/is/image/Argos/4973212_R_SET?$Listers$	3	[{"author":"Margret","text":"Bought the same size as the one it was replacing but I think the new Sim Free Bush Spira E2X Mobile Phone - Black is smaller than it used to be.","rating":2.3,"date":1458738734726},{"author":"Hsiu","text":"Bought the same size as the one it was replacing but I think the new Sim Free Bush Spira E2X Mobile Phone - Black is smaller than it used to be.","rating":3.1,"date":1458738734726},{"author":"Stefanie","text":"great price, great fit, great brand. purchased a Sim Free Bush Spira E2X Mobile Phone - Black for my husband who then had me purchase again for a co-worker for secret santa.","rating":3.2,"date":1458738734726}]	On its release last year, the Sim Free Bush Spira E2X Mobile Phone - Black was met with universal acclaim from both the press and from fans of the brand. Featuring all the latest technologies in its field, it has proved resilient to rival products that have since been released.	4
Sim Free LG Leon Mobile Phone	89.95	http://argos.scene7.com/is/image/Argos/5056781_R_SET?$Listers$	2	[{"author":"Nakita","text":"This is a good attempt at a difficult balance - the Sim Free LG Leon Mobile Phone has lots of learning opportunities - how do they fit so much in the space available?","rating":1.8,"date":1458738734726},{"author":"Casie","text":"Great fit and solid product, bravo Sim Free LG Leon Mobile Phone","rating":2.4,"date":1458738734726},{"author":"Lorenza","text":"Not expected as what it is on the picture.. disappointed by the Sim Free LG Leon Mobile Phone","rating":1.2,"date":1458738734726}]	Perfect for individuals OR families, this product , the Sim Free LG Leon Mobile Phone, is an absolute bargain at £89.95. It is extremely reliable, made with high quality materials, and comes with a 5-year quality guarantee.	5
Sim Free Apple iPhone 6 64GB Mobile Phone - Silver	539	http://argos.scene7.com/is/image/Argos/4448510_R_SET?$Listers$	3	[{"author":"Marianela","text":"Not expected as what it is on the picture.. disappointed by the Sim Free Apple iPhone 6 64GB Mobile Phone - Silver","rating":3.4,"date":1458738734726},{"author":"Lorenza","text":"Not expected as what it is on the picture.. disappointed by the Sim Free Apple iPhone 6 64GB Mobile Phone - Silver","rating":2.2,"date":1458738734726},{"author":"Dotty","text":"great price, great fit, great brand. purchased a Sim Free Apple iPhone 6 64GB Mobile Phone - Silver for my husband who then had me purchase again for a co-worker for secret santa.","rating":4,"date":1458738734726}]	Perfect for individuals OR families, this product , the Sim Free Apple iPhone 6 64GB Mobile Phone - Silver, is an absolute bargain at £539. It is extremely reliable, made with high quality materials, and comes with a 5-year quality guarantee.	3
Sim Free Apple iPhone 6 64GB Mobile Phone - Space Grey	539	http://argos.scene7.com/is/image/Argos/4452953_R_SET?$Listers$	3	[{"author":"Nelly","text":"Great fit and solid product, bravo Sim Free Apple iPhone 6 64GB Mobile Phone - Space Grey","rating":3.3,"date":1458738734726},{"author":"Casie","text":"great price, great fit, great brand. purchased a Sim Free Apple iPhone 6 64GB Mobile Phone - Space Grey for my husband who then had me purchase again for a co-worker for secret santa.","rating":2.6,"date":1458738734726},{"author":"Nakita","text":"This Sim Free Apple iPhone 6 64GB Mobile Phone - Space Grey is amazing. I didn't follow the normal instruction though and I think it works better. Sim Free Apple iPhone 6 64GB Mobile Phone - Space Grey is absolutely amazing stuff.","rating":3.8,"date":1458738734726}]	On its release last year, the Sim Free Apple iPhone 6 64GB Mobile Phone - Space Grey was met with universal acclaim from both the press and from fans of the brand. Featuring all the latest technologies in its field, it has proved resilient to rival products that have since been released.	4
Sim Free Apple iPhone 6 16GB Mobile Phone - Silver	459	http://argos.scene7.com/is/image/Argos/4366568_R_SET?$Listers$	4	[{"author":"Stephenie","text":"great price, great fit, great brand. purchased a Sim Free Apple iPhone 6 16GB Mobile Phone - Silver for my husband who then had me purchase again for a co-worker for secret santa.","rating":2.6,"date":1458738734726},{"author":"Stephenie","text":"Bought the same size as the one it was replacing but I think the new Sim Free Apple iPhone 6 16GB Mobile Phone - Silver is smaller than it used to be.","rating":4.5,"date":1458738734726},{"author":"Ashton","text":"Bought the same size as the one it was replacing but I think the new Sim Free Apple iPhone 6 16GB Mobile Phone - Silver is smaller than it used to be.","rating":3.6,"date":1458738734726}]	On its release last year, the Sim Free Apple iPhone 6 16GB Mobile Phone - Silver was met with universal acclaim from both the press and from fans of the brand. Featuring all the latest technologies in its field, it has proved resilient to rival products that have since been released.	2
SIM FREE NOKIA 13	19.95	http://argos.scene7.com/is/image/Argos/4174073_R_SET?$Listers$	2	[{"author":"Marianela","text":"Great fit and solid product, bravo SIM FREE NOKIA 13","rating":1.6,"date":1458738734726},{"author":"Sasha","text":"Great fit and solid product, bravo SIM FREE NOKIA 13","rating":1.3,"date":1458738734726},{"author":"Odessa","text":"Bought the same size as the one it was replacing but I think the new SIM FREE NOKIA 13 is smaller than it used to be.","rating":3.1,"date":1458738734726}]	On its release last year, the SIM FREE NOKIA 13 was met with universal acclaim from both the press and from fans of the brand. Featuring all the latest technologies in its field, it has proved resilient to rival products that have since been released.	3
Sim Free Bush Spira C1 5 4G Mobile Phone	79.95	http://argos.scene7.com/is/image/Argos/3912858_R_SET?$Listers$	3	[{"author":"Burma","text":"This is a good attempt at a difficult balance - the Sim Free Bush Spira C1 5 4G Mobile Phone has lots of learning opportunities - how do they fit so much in the space available?","rating":1.1,"date":1458738734726},{"author":"Kitty","text":"This is a good attempt at a difficult balance - the Sim Free Bush Spira C1 5 4G Mobile Phone has lots of learning opportunities - how do they fit so much in the space available?","rating":5,"date":1458738734726},{"author":"Stephenie","text":"great price, great fit, great brand. purchased a Sim Free Bush Spira C1 5 4G Mobile Phone for my husband who then had me purchase again for a co-worker for secret santa.","rating":3.6,"date":1458738734726}]	The Sim Free Bush Spira C1 5 4G Mobile Phone is the latest in a line of quality products from this manufacturer, and it is no disappointment. Fans of the 79.95 BETA will love its fully fledged new successor.	1
CPR Sim Free Big Button Mobile with Call Blocking - Black	69.99	http://argos.scene7.com/is/image/Argos/3818196_R_SET?$Listers$	3	[{"author":"Bennie","text":"Bought the same size as the one it was replacing but I think the new CPR Sim Free Big Button Mobile with Call Blocking - Black is smaller than it used to be.","rating":2.7,"date":1458738734726},{"author":"Lorenza","text":"This CPR Sim Free Big Button Mobile with Call Blocking - Black was fantastic. I have never been so happy with a product before in my life as I was with the CPR Sim Free Big Button Mobile with Call Blocking - Black","rating":3.3,"date":1458738734726},{"author":"Emmett","text":"great price, great fit, great brand. purchased a CPR Sim Free Big Button Mobile with Call Blocking - Black for my husband who then had me purchase again for a co-worker for secret santa.","rating":2.1,"date":1458738734726}]	One of the best-performing in its field, the CPR Sim Free Big Button Mobile with Call Blocking - Black features light, but strong construction for easy deployment. Experts have praised it as a leader in its field, and it is also remarkably affordable.	1
Sim Free HTC Desire 620 Mobile Phone - Grey	129.99	http://argos.scene7.com/is/image/Argos/3814860_R_SET?$Listers$	3	[{"author":"Margret","text":"Not expected as what it is on the picture.. disappointed by the Sim Free HTC Desire 620 Mobile Phone - Grey","rating":2.4,"date":1458738734726},{"author":"Julieann","text":"This Sim Free HTC Desire 620 Mobile Phone - Grey was fantastic. I have never been so happy with a product before in my life as I was with the Sim Free HTC Desire 620 Mobile Phone - Grey","rating":3.2,"date":1458738734726},{"author":"Marine","text":"great price, great fit, great brand. purchased a Sim Free HTC Desire 620 Mobile Phone - Grey for my husband who then had me purchase again for a co-worker for secret santa.","rating":4.5,"date":1458738734726}]	The Sim Free HTC Desire 620 Mobile Phone - Grey is the latest in a line of quality products from this manufacturer, and it is no disappointment. Fans of the 129.99 BETA will love its fully fledged new successor.	1
Sim Free HTC Desire 320 Mobile Phone - Grey	109.94	http://argos.scene7.com/is/image/Argos/3816590_R_SET?$Listers$	3	[{"author":"Kitty","text":"This Sim Free HTC Desire 320 Mobile Phone - Grey was fantastic. I have never been so happy with a product before in my life as I was with the Sim Free HTC Desire 320 Mobile Phone - Grey","rating":1.5,"date":1458738734726},{"author":"Kymberly","text":"Bought the same size as the one it was replacing but I think the new Sim Free HTC Desire 320 Mobile Phone - Grey is smaller than it used to be.","rating":2.7,"date":1458738734726},{"author":"Nakita","text":"This Sim Free HTC Desire 320 Mobile Phone - Grey is amazing. I didn't follow the normal instruction though and I think it works better. Sim Free HTC Desire 320 Mobile Phone - Grey is absolutely amazing stuff.","rating":3.8,"date":1458738734726}]	On its release last year, the Sim Free HTC Desire 320 Mobile Phone - Grey was met with universal acclaim from both the press and from fans of the brand. Featuring all the latest technologies in its field, it has proved resilient to rival products that have since been released.	4
Sim Free Samsung Galaxy A5 Mobile Phone - White	229.95	http://argos.scene7.com/is/image/Argos/4299769_R_SET?$Listers$	3	[{"author":"Kathaleen","text":"This Sim Free Samsung Galaxy A5 Mobile Phone - White is amazing. I didn't follow the normal instruction though and I think it works better. Sim Free Samsung Galaxy A5 Mobile Phone - White is absolutely amazing stuff.","rating":1.7,"date":1458738734726},{"author":"Marine","text":"This Sim Free Samsung Galaxy A5 Mobile Phone - White was fantastic. I have never been so happy with a product before in my life as I was with the Sim Free Samsung Galaxy A5 Mobile Phone - White","rating":1.5,"date":1458738734726},{"author":"Kathaleen","text":"This Sim Free Samsung Galaxy A5 Mobile Phone - White was fantastic. I have never been so happy with a product before in my life as I was with the Sim Free Samsung Galaxy A5 Mobile Phone - White","rating":4.9,"date":1458738734726}]	One of the best-performing in its field, the Sim Free Samsung Galaxy A5 Mobile Phone - White features light, but strong construction for easy deployment. Experts have praised it as a leader in its field, and it is also remarkably affordable.	5
Sim Free Samsung Galaxy A5 Mobile Phone - Black	229.95	http://argos.scene7.com/is/image/Argos/4345046_R_SET?$Listers$	3	[{"author":"Stephenie","text":"This Sim Free Samsung Galaxy A5 Mobile Phone - Black is amazing. I didn't follow the normal instruction though and I think it works better. Sim Free Samsung Galaxy A5 Mobile Phone - Black is absolutely amazing stuff.","rating":4.9,"date":1458738734726},{"author":"Marine","text":"Not expected as what it is on the picture.. disappointed by the Sim Free Samsung Galaxy A5 Mobile Phone - Black","rating":1.6,"date":1458738734726},{"author":"Margret","text":"This Sim Free Samsung Galaxy A5 Mobile Phone - Black was fantastic. I have never been so happy with a product before in my life as I was with the Sim Free Samsung Galaxy A5 Mobile Phone - Black","rating":2.9,"date":1458738734726}]	The Sim Free Samsung Galaxy A5 Mobile Phone - Black is the latest in a line of quality products from this manufacturer, and it is no disappointment. Fans of the 229.95 BETA will love its fully fledged new successor.	5
Sim Free Samsung A3 Mobile Phone - Black	149.95	http://argos.scene7.com/is/image/Argos/4397104_R_SET?$Listers$	2	[{"author":"Althea","text":"great price, great fit, great brand. purchased a Sim Free Samsung A3 Mobile Phone - Black for my husband who then had me purchase again for a co-worker for secret santa.","rating":1.6,"date":1458738734726},{"author":"Casie","text":"This Sim Free Samsung A3 Mobile Phone - Black is amazing. I didn't follow the normal instruction though and I think it works better. Sim Free Samsung A3 Mobile Phone - Black is absolutely amazing stuff.","rating":1.1,"date":1458738734726},{"author":"Burma","text":"Not expected as what it is on the picture.. disappointed by the Sim Free Samsung A3 Mobile Phone - Black","rating":4.7,"date":1458738734726}]	The Sim Free Samsung A3 Mobile Phone - Black is the latest in a line of quality products from this manufacturer, and it is no disappointment. Fans of the 149.95 BETA will love its fully fledged new successor.	0
Sim Free Alba 4 Black Mobile Phone	39.95	http://argos.scene7.com/is/image/Argos/3929126_R_SET?$Listers$	3	[{"author":"Marcella","text":"This is a good attempt at a difficult balance - the Sim Free Alba 4 Black Mobile Phone has lots of learning opportunities - how do they fit so much in the space available?","rating":4.8,"date":1458738734726},{"author":"Stefanie","text":"Not expected as what it is on the picture.. disappointed by the Sim Free Alba 4 Black Mobile Phone","rating":2.7,"date":1458738734726},{"author":"Emmett","text":"This Sim Free Alba 4 Black Mobile Phone is amazing. I didn't follow the normal instruction though and I think it works better. Sim Free Alba 4 Black Mobile Phone is absolutely amazing stuff.","rating":2.9,"date":1458738734726}]	On its release last year, the Sim Free Alba 4 Black Mobile Phone was met with universal acclaim from both the press and from fans of the brand. Featuring all the latest technologies in its field, it has proved resilient to rival products that have since been released.	0
Sim Free Sony Xperia E4G - Blac	129.95	http://argos.scene7.com/is/image/Argos/4293624_R_SET?$Listers$	4	[{"author":"Kitty","text":"Not expected as what it is on the picture.. disappointed by the Sim Free Sony Xperia E4G - Blac","rating":4.4,"date":1458738734726},{"author":"Nelly","text":"This Sim Free Sony Xperia E4G - Blac was fantastic. I have never been so happy with a product before in my life as I was with the Sim Free Sony Xperia E4G - Blac","rating":4.3,"date":1458738734726},{"author":"Nakita","text":"Great fit and solid product, bravo Sim Free Sony Xperia E4G - Blac","rating":4.2,"date":1458738734726}]	The Sim Free Sony Xperia E4G - Blac is the latest in a line of quality products from this manufacturer, and it is no disappointment. Fans of the 129.95 BETA will love its fully fledged new successor.	4
Sim Free Apple iPhone 6 Plus 128GB Mobile Phone - Grey	699	http://argos.scene7.com/is/image/Argos/4368205_R_SET?$Listers$	1	[{"author":"Marcella","text":"This Sim Free Apple iPhone 6 Plus 128GB Mobile Phone - Grey is amazing. I didn't follow the normal instruction though and I think it works better. Sim Free Apple iPhone 6 Plus 128GB Mobile Phone - Grey is absolutely amazing stuff.","rating":1.2,"date":1458738734726},{"author":"Kymberly","text":"great price, great fit, great brand. purchased a Sim Free Apple iPhone 6 Plus 128GB Mobile Phone - Grey for my husband who then had me purchase again for a co-worker for secret santa.","rating":1.4,"date":1458738734726},{"author":"Ashton","text":"This Sim Free Apple iPhone 6 Plus 128GB Mobile Phone - Grey was fantastic. I have never been so happy with a product before in my life as I was with the Sim Free Apple iPhone 6 Plus 128GB Mobile Phone - Grey","rating":1.3,"date":1458738734726}]	On its release last year, the Sim Free Apple iPhone 6 Plus 128GB Mobile Phone - Grey was met with universal acclaim from both the press and from fans of the brand. Featuring all the latest technologies in its field, it has proved resilient to rival products that have since been released.	4
Sim Free Apple iPhone 6 Plus 128GB Mobile Phone - Gold	629.99	http://argos.scene7.com/is/image/Argos/4344841_R_SET?$Listers$	3	[{"author":"Nakita","text":"Not expected as what it is on the picture.. disappointed by the Sim Free Apple iPhone 6 Plus 128GB Mobile Phone - Gold","rating":3.7,"date":1458738734726},{"author":"Alpha","text":"This Sim Free Apple iPhone 6 Plus 128GB Mobile Phone - Gold was fantastic. I have never been so happy with a product before in my life as I was with the Sim Free Apple iPhone 6 Plus 128GB Mobile Phone - Gold","rating":3.7,"date":1458738734726},{"author":"Julieann","text":"Not expected as what it is on the picture.. disappointed by the Sim Free Apple iPhone 6 Plus 128GB Mobile Phone - Gold","rating":2.3,"date":1458738734726}]	The Sim Free Apple iPhone 6 Plus 128GB Mobile Phone - Gold is the latest in a line of quality products from this manufacturer, and it is no disappointment. Fans of the 629.99 BETA will love its fully fledged new successor.	0
Sim Free Apple iPhone 6 128GB Mobile Phone - Grey	619	http://argos.scene7.com/is/image/Argos/4347116_R_SET?$Listers$	3	[{"author":"Lorenza","text":"This is a good attempt at a difficult balance - the Sim Free Apple iPhone 6 128GB Mobile Phone - Grey has lots of learning opportunities - how do they fit so much in the space available?","rating":4,"date":1458738734726},{"author":"Joette","text":"This Sim Free Apple iPhone 6 128GB Mobile Phone - Grey is amazing. I didn't follow the normal instruction though and I think it works better. Sim Free Apple iPhone 6 128GB Mobile Phone - Grey is absolutely amazing stuff.","rating":2.1,"date":1458738734726},{"author":"Burma","text":"Bought the same size as the one it was replacing but I think the new Sim Free Apple iPhone 6 128GB Mobile Phone - Grey is smaller than it used to be.","rating":1.4,"date":1458738734726}]	Perfect for individuals OR families, this product , the Sim Free Apple iPhone 6 128GB Mobile Phone - Grey, is an absolute bargain at £619. It is extremely reliable, made with high quality materials, and comes with a 5-year quality guarantee.	0
Sim Free Apple iPhone 6 128GB Mobile Phone - Silver	619	http://argos.scene7.com/is/image/Argos/4347941_R_SET?$Listers$	3	[{"author":"Julieann","text":"This Sim Free Apple iPhone 6 128GB Mobile Phone - Silver is amazing. I didn't follow the normal instruction though and I think it works better. Sim Free Apple iPhone 6 128GB Mobile Phone - Silver is absolutely amazing stuff.","rating":1.1,"date":1458738734726},{"author":"Wan","text":"This Sim Free Apple iPhone 6 128GB Mobile Phone - Silver is amazing. I didn't follow the normal instruction though and I think it works better. Sim Free Apple iPhone 6 128GB Mobile Phone - Silver is absolutely amazing stuff.","rating":4.6,"date":1458738734726},{"author":"Dotty","text":"This Sim Free Apple iPhone 6 128GB Mobile Phone - Silver was fantastic. I have never been so happy with a product before in my life as I was with the Sim Free Apple iPhone 6 128GB Mobile Phone - Silver","rating":3.8,"date":1458738734726}]	The Sim Free Apple iPhone 6 128GB Mobile Phone - Silver is the latest in a line of quality products from this manufacturer, and it is no disappointment. Fans of the 619 BETA will love its fully fledged new successor.	2
Sim Free Microsoft Lumia 435 - White	49.95	http://argos.scene7.com/is/image/Argos/4393074_R_SET?$Listers$	3	[{"author":"Althea","text":"This Sim Free Microsoft Lumia 435 - White is amazing. I didn't follow the normal instruction though and I think it works better. Sim Free Microsoft Lumia 435 - White is absolutely amazing stuff.","rating":2.9,"date":1458738734726},{"author":"Katelyn","text":"This is a good attempt at a difficult balance - the Sim Free Microsoft Lumia 435 - White has lots of learning opportunities - how do they fit so much in the space available?","rating":4.7,"date":1458738734726},{"author":"Sasha","text":"Not expected as what it is on the picture.. disappointed by the Sim Free Microsoft Lumia 435 - White","rating":2.2,"date":1458738734726}]	On its release last year, the Sim Free Microsoft Lumia 435 - White was met with universal acclaim from both the press and from fans of the brand. Featuring all the latest technologies in its field, it has proved resilient to rival products that have since been released.	5
Sim Free HTC Desire 620 Black Mobile Phone	149.95	http://argos.scene7.com/is/image/Argos/4180775_R_SET?$Listers$	4	[{"author":"Stefanie","text":"Not expected as what it is on the picture.. disappointed by the Sim Free HTC Desire 620 Black Mobile Phone","rating":3.5,"date":1458738734726},{"author":"Dotty","text":"Bought the same size as the one it was replacing but I think the new Sim Free HTC Desire 620 Black Mobile Phone is smaller than it used to be.","rating":2.4,"date":1458738734726},{"author":"Emmett","text":"This Sim Free HTC Desire 620 Black Mobile Phone is amazing. I didn't follow the normal instruction though and I think it works better. Sim Free HTC Desire 620 Black Mobile Phone is absolutely amazing stuff.","rating":4.9,"date":1458738734726}]	The Sim Free HTC Desire 620 Black Mobile Phone is the latest in a line of quality products from this manufacturer, and it is no disappointment. Fans of the 149.95 BETA will love its fully fledged new successor.	3