Trespass Women's Black 3‑in‑1 Jacket	34.99	http://argos.scene7.com/is/image/Argos/2328890_R_SET?$Listers$	4	[{"author":"nickname","text":"This Trespass Women's Black 3‑in‑1 Jacket was fantastic. I have never been so happy with a product before in my life as I was with the Trespass Women's Black 3‑in‑1 Jacket","rating":3.9,"date":1458316650692},{"author":"nickname","text":"This Trespass Women's Black 3‑in‑1 Jacket was fantastic. I have never been so happy with a product before in my life as I was with the Trespass Women's Black 3‑in‑1 Jacket","rating":3.7,"date":1458316650692},{"author":"nickname","text":"This Trespass Women's Black 3‑in‑1 Jacket was fantastic. I have never been so happy with a product before in my life as I was with the Trespass Women's Black 3‑in‑1 Jacket","rating":3.2,"date":1458316650692}]	Perfect for individuals OR families, this product , a Trespass Women's Black 3‑in‑1 Jacket, is an absolute bargain at £34.99. It is extremely reliable, made with high quality materials, and comes with a 5-year quality guarantee.
Trespass Nana 3 in 1 Purple Jacket	34.99	http://argos.scene7.com/is/image/Argos/4827801_R_SET?$Listers$	4	[{"author":"nickname","text":"This Trespass Nana 3 in 1 Purple Jacket was fantastic. I have never been so happy with a product before in my life as I was with the Trespass Nana 3 in 1 Purple Jacket","rating":4.9,"date":1458316650692},{"author":"nickname","text":"This Trespass Nana 3 in 1 Purple Jacket was fantastic. I have never been so happy with a product before in my life as I was with the Trespass Nana 3 in 1 Purple Jacket","rating":3.4,"date":1458316650692},{"author":"nickname","text":"This Trespass Nana 3 in 1 Purple Jacket was fantastic. I have never been so happy with a product before in my life as I was with the Trespass Nana 3 in 1 Purple Jacket","rating":4.1,"date":1458316650692}]	Perfect for individuals OR families, this product , a Trespass Nana 3 in 1 Purple Jacket, is an absolute bargain at £34.99. It is extremely reliable, made with high quality materials, and comes with a 5-year quality guarantee.
Cherokee Women Chambray Shirt	14	http://argos.scene7.com/is/image/Argos/4518574_R_SET?$Listers$	4	[{"author":"nickname","text":"This Cherokee Women Chambray Shirt was fantastic. I have never been so happy with a product before in my life as I was with the Cherokee Women Chambray Shirt","rating":3.7,"date":1458316650692},{"author":"nickname","text":"This Cherokee Women Chambray Shirt was fantastic. I have never been so happy with a product before in my life as I was with the Cherokee Women Chambray Shirt","rating":4,"date":1458316650692},{"author":"nickname","text":"This Cherokee Women Chambray Shirt was fantastic. I have never been so happy with a product before in my life as I was with the Cherokee Women Chambray Shirt","rating":3.2,"date":1458316650692}]	Perfect for individuals OR families, this product , a Cherokee Women Chambray Shirt, is an absolute bargain at £14. It is extremely reliable, made with high quality materials, and comes with a 5-year quality guarantee.
Cherokee Womens Relaxed Fashion Fit Jeans	14.66	http://argos.scene7.com/is/image/Argos/4539735_R_SET?$Listers$	4	[{"author":"nickname","text":"This Cherokee Womens Relaxed Fashion Fit Jeans was fantastic. I have never been so happy with a product before in my life as I was with the Cherokee Womens Relaxed Fashion Fit Jeans","rating":4.8,"date":1458316650692},{"author":"nickname","text":"This Cherokee Womens Relaxed Fashion Fit Jeans was fantastic. I have never been so happy with a product before in my life as I was with the Cherokee Womens Relaxed Fashion Fit Jeans","rating":3.6,"date":1458316650692},{"author":"nickname","text":"This Cherokee Womens Relaxed Fashion Fit Jeans was fantastic. I have never been so happy with a product before in my life as I was with the Cherokee Womens Relaxed Fashion Fit Jeans","rating":3.1,"date":1458316650692}]	Perfect for individuals OR families, this product , a Cherokee Womens Relaxed Fashion Fit Jeans, is an absolute bargain at £14.66. It is extremely reliable, made with high quality materials, and comes with a 5-year quality guarantee.
Cherokee Womens Fashion Wash Skinny Jeans	13.33	http://argos.scene7.com/is/image/Argos/4610788_R_SET?$Listers$	4	[{"author":"nickname","text":"This Cherokee Womens Fashion Wash Skinny Jeans was fantastic. I have never been so happy with a product before in my life as I was with the Cherokee Womens Fashion Wash Skinny Jeans","rating":4.8,"date":1458316650692},{"author":"nickname","text":"This Cherokee Womens Fashion Wash Skinny Jeans was fantastic. I have never been so happy with a product before in my life as I was with the Cherokee Womens Fashion Wash Skinny Jeans","rating":3.6,"date":1458316650692},{"author":"nickname","text":"This Cherokee Womens Fashion Wash Skinny Jeans was fantastic. I have never been so happy with a product before in my life as I was with the Cherokee Womens Fashion Wash Skinny Jeans","rating":5,"date":1458316650692}]	Perfect for individuals OR families, this product , a Cherokee Womens Fashion Wash Skinny Jeans, is an absolute bargain at £13.33. It is extremely reliable, made with high quality materials, and comes with a 5-year quality guarantee.
Cherokee Womens Printed Maxi Dress	18	http://argos.scene7.com/is/image/Argos/4611103_R_SET?$Listers$	3	[{"author":"nickname","text":"This Cherokee Womens Printed Maxi Dress was fantastic. I have never been so happy with a product before in my life as I was with the Cherokee Womens Printed Maxi Dress","rating":4.6,"date":1458316650692},{"author":"nickname","text":"This Cherokee Womens Printed Maxi Dress was fantastic. I have never been so happy with a product before in my life as I was with the Cherokee Womens Printed Maxi Dress","rating":4.8,"date":1458316650692},{"author":"nickname","text":"This Cherokee Womens Printed Maxi Dress was fantastic. I have never been so happy with a product before in my life as I was with the Cherokee Womens Printed Maxi Dress","rating":4.3,"date":1458316650692}]	Perfect for individuals OR families, this product , a Cherokee Womens Printed Maxi Dress, is an absolute bargain at £18. It is extremely reliable, made with high quality materials, and comes with a 5-year quality guarantee.
Cherokee Womens Print Tie Waist Top	14	http://argos.scene7.com/is/image/Argos/4619569_R_SET?$Listers$	4	[{"author":"nickname","text":"This Cherokee Womens Print Tie Waist Top was fantastic. I have never been so happy with a product before in my life as I was with the Cherokee Womens Print Tie Waist Top","rating":3.7,"date":1458316650692},{"author":"nickname","text":"This Cherokee Womens Print Tie Waist Top was fantastic. I have never been so happy with a product before in my life as I was with the Cherokee Womens Print Tie Waist Top","rating":3.9,"date":1458316650692},{"author":"nickname","text":"This Cherokee Womens Print Tie Waist Top was fantastic. I have never been so happy with a product before in my life as I was with the Cherokee Womens Print Tie Waist Top","rating":4.7,"date":1458316650692}]	Perfect for individuals OR families, this product , a Cherokee Womens Print Tie Waist Top, is an absolute bargain at £14. It is extremely reliable, made with high quality materials, and comes with a 5-year quality guarantee.
Cherokee Womens Jumpsuit with Belt	18	http://argos.scene7.com/is/image/Argos/4719335_R_SET?$Listers$	4	[{"author":"nickname","text":"This Cherokee Womens Jumpsuit with Belt was fantastic. I have never been so happy with a product before in my life as I was with the Cherokee Womens Jumpsuit with Belt","rating":4.7,"date":1458316650692},{"author":"nickname","text":"This Cherokee Womens Jumpsuit with Belt was fantastic. I have never been so happy with a product before in my life as I was with the Cherokee Womens Jumpsuit with Belt","rating":4.3,"date":1458316650692},{"author":"nickname","text":"This Cherokee Womens Jumpsuit with Belt was fantastic. I have never been so happy with a product before in my life as I was with the Cherokee Womens Jumpsuit with Belt","rating":4.8,"date":1458316650692}]	Perfect for individuals OR families, this product , a Cherokee Womens Jumpsuit with Belt, is an absolute bargain at £18. It is extremely reliable, made with high quality materials, and comes with a 5-year quality guarantee.
Cherokee Womens Faux Leather Jacket	32	http://argos.scene7.com/is/image/Argos/4818339_R_SET?$Listers$	4	[{"author":"nickname","text":"This Cherokee Womens Faux Leather Jacket was fantastic. I have never been so happy with a product before in my life as I was with the Cherokee Womens Faux Leather Jacket","rating":3.9,"date":1458316650692},{"author":"nickname","text":"This Cherokee Womens Faux Leather Jacket was fantastic. I have never been so happy with a product before in my life as I was with the Cherokee Womens Faux Leather Jacket","rating":3.8,"date":1458316650692},{"author":"nickname","text":"This Cherokee Womens Faux Leather Jacket was fantastic. I have never been so happy with a product before in my life as I was with the Cherokee Womens Faux Leather Jacket","rating":4.1,"date":1458316650692}]	Perfect for individuals OR families, this product , a Cherokee Womens Faux Leather Jacket, is an absolute bargain at £32. It is extremely reliable, made with high quality materials, and comes with a 5-year quality guarantee.
Cherokee Womens Bretton Stripe Top with Zip Detail	10.5	http://argos.scene7.com/is/image/Argos/4818748_R_SET?$Listers$	4	[{"author":"nickname","text":"This Cherokee Womens Bretton Stripe Top with Zip Detail was fantastic. I have never been so happy with a product before in my life as I was with the Cherokee Womens Bretton Stripe Top with Zip Detail","rating":4.3,"date":1458316650692},{"author":"nickname","text":"This Cherokee Womens Bretton Stripe Top with Zip Detail was fantastic. I have never been so happy with a product before in my life as I was with the Cherokee Womens Bretton Stripe Top with Zip Detail","rating":3.1,"date":1458316650692},{"author":"nickname","text":"This Cherokee Womens Bretton Stripe Top with Zip Detail was fantastic. I have never been so happy with a product before in my life as I was with the Cherokee Womens Bretton Stripe Top with Zip Detail","rating":4.6,"date":1458316650692}]	Perfect for individuals OR families, this product , a Cherokee Womens Bretton Stripe Top with Zip Detail, is an absolute bargain at £10.5. It is extremely reliable, made with high quality materials, and comes with a 5-year quality guarantee.
Cherokee Ladies Lace Cami	3.75	http://argos.scene7.com/is/image/Argos/4819871_R_SET?$Listers$	4	[{"author":"nickname","text":"This Cherokee Ladies Lace Cami was fantastic. I have never been so happy with a product before in my life as I was with the Cherokee Ladies Lace Cami","rating":4,"date":1458316650692},{"author":"nickname","text":"This Cherokee Ladies Lace Cami was fantastic. I have never been so happy with a product before in my life as I was with the Cherokee Ladies Lace Cami","rating":3.1,"date":1458316650692},{"author":"nickname","text":"This Cherokee Ladies Lace Cami was fantastic. I have never been so happy with a product before in my life as I was with the Cherokee Ladies Lace Cami","rating":4.4,"date":1458316650692}]	Perfect for individuals OR families, this product , a Cherokee Ladies Lace Cami, is an absolute bargain at £3.75. It is extremely reliable, made with high quality materials, and comes with a 5-year quality guarantee.
Cherokee Womens Printed Wrap Dress	18	http://argos.scene7.com/is/image/Argos/4615044_R_SET?$Listers$	4	[{"author":"nickname","text":"This Cherokee Womens Printed Wrap Dress was fantastic. I have never been so happy with a product before in my life as I was with the Cherokee Womens Printed Wrap Dress","rating":3.4,"date":1458316650692},{"author":"nickname","text":"This Cherokee Womens Printed Wrap Dress was fantastic. I have never been so happy with a product before in my life as I was with the Cherokee Womens Printed Wrap Dress","rating":4.6,"date":1458316650692},{"author":"nickname","text":"This Cherokee Womens Printed Wrap Dress was fantastic. I have never been so happy with a product before in my life as I was with the Cherokee Womens Printed Wrap Dress","rating":3.2,"date":1458316650692}]	Perfect for individuals OR families, this product , a Cherokee Womens Printed Wrap Dress, is an absolute bargain at £18. It is extremely reliable, made with high quality materials, and comes with a 5-year quality guarantee.
Cherokee Womens Open Knit Jumper	18	http://argos.scene7.com/is/image/Argos/4607265_R_SET?$Listers$	4	[{"author":"nickname","text":"This Cherokee Womens Open Knit Jumper was fantastic. I have never been so happy with a product before in my life as I was with the Cherokee Womens Open Knit Jumper","rating":4.4,"date":1458316650692},{"author":"nickname","text":"This Cherokee Womens Open Knit Jumper was fantastic. I have never been so happy with a product before in my life as I was with the Cherokee Womens Open Knit Jumper","rating":3.7,"date":1458316650692},{"author":"nickname","text":"This Cherokee Womens Open Knit Jumper was fantastic. I have never been so happy with a product before in my life as I was with the Cherokee Womens Open Knit Jumper","rating":3.6,"date":1458316650692}]	Perfect for individuals OR families, this product , a Cherokee Womens Open Knit Jumper, is an absolute bargain at £18. It is extremely reliable, made with high quality materials, and comes with a 5-year quality guarantee.
Cherokee Womens Print Trousers	9.33	http://argos.scene7.com/is/image/Argos/4573708_R_SET?$Listers$	4	[{"author":"nickname","text":"This Cherokee Womens Print Trousers was fantastic. I have never been so happy with a product before in my life as I was with the Cherokee Womens Print Trousers","rating":4,"date":1458316650692},{"author":"nickname","text":"This Cherokee Womens Print Trousers was fantastic. I have never been so happy with a product before in my life as I was with the Cherokee Womens Print Trousers","rating":3.5,"date":1458316650692},{"author":"nickname","text":"This Cherokee Womens Print Trousers was fantastic. I have never been so happy with a product before in my life as I was with the Cherokee Womens Print Trousers","rating":4.3,"date":1458316650692}]	Perfect for individuals OR families, this product , a Cherokee Womens Print Trousers, is an absolute bargain at £9.33. It is extremely reliable, made with high quality materials, and comes with a 5-year quality guarantee.
Cherokee Womens Pink Lace Insert Top	6	http://argos.scene7.com/is/image/Argos/4607289_R_SET?$Listers$	4	[{"author":"nickname","text":"This Cherokee Womens Pink Lace Insert Top was fantastic. I have never been so happy with a product before in my life as I was with the Cherokee Womens Pink Lace Insert Top","rating":4.4,"date":1458316650692},{"author":"nickname","text":"This Cherokee Womens Pink Lace Insert Top was fantastic. I have never been so happy with a product before in my life as I was with the Cherokee Womens Pink Lace Insert Top","rating":3.8,"date":1458316650692},{"author":"nickname","text":"This Cherokee Womens Pink Lace Insert Top was fantastic. I have never been so happy with a product before in my life as I was with the Cherokee Womens Pink Lace Insert Top","rating":3.1,"date":1458316650692}]	Perfect for individuals OR families, this product , a Cherokee Womens Pink Lace Insert Top, is an absolute bargain at £6. It is extremely reliable, made with high quality materials, and comes with a 5-year quality guarantee.
Trespass Women's Black Parker Jacket	59.99	http://argos.scene7.com/is/image/Argos/3816181_R_SET?$Listers$	4	[{"author":"nickname","text":"This Trespass Women's Black Parker Jacket was fantastic. I have never been so happy with a product before in my life as I was with the Trespass Women's Black Parker Jacket","rating":3.1,"date":1458316650692},{"author":"nickname","text":"This Trespass Women's Black Parker Jacket was fantastic. I have never been so happy with a product before in my life as I was with the Trespass Women's Black Parker Jacket","rating":3.8,"date":1458316650692},{"author":"nickname","text":"This Trespass Women's Black Parker Jacket was fantastic. I have never been so happy with a product before in my life as I was with the Trespass Women's Black Parker Jacket","rating":3.9,"date":1458316650692}]	Perfect for individuals OR families, this product , a Trespass Women's Black Parker Jacket, is an absolute bargain at £59.99. It is extremely reliable, made with high quality materials, and comes with a 5-year quality guarantee.
Trespass Women's Purple Jacket	14.99	http://argos.scene7.com/is/image/Argos/3927946_R_SET?$Listers$	4	[{"author":"nickname","text":"This Trespass Women's Purple Jacket was fantastic. I have never been so happy with a product before in my life as I was with the Trespass Women's Purple Jacket","rating":3.8,"date":1458316650692},{"author":"nickname","text":"This Trespass Women's Purple Jacket was fantastic. I have never been so happy with a product before in my life as I was with the Trespass Women's Purple Jacket","rating":4.1,"date":1458316650692},{"author":"nickname","text":"This Trespass Women's Purple Jacket was fantastic. I have never been so happy with a product before in my life as I was with the Trespass Women's Purple Jacket","rating":4.3,"date":1458316650692}]	Perfect for individuals OR families, this product , a Trespass Women's Purple Jacket, is an absolute bargain at £14.99. It is extremely reliable, made with high quality materials, and comes with a 5-year quality guarantee.
Cherokee Women's Black Feather and Down Padded Jacket. 	20	http://argos.scene7.com/is/image/Argos/4125345_R_SET?$Listers$	4	[{"author":"nickname","text":"This Cherokee Women's Black Feather and Down Padded Jacket.  was fantastic. I have never been so happy with a product before in my life as I was with the Cherokee Women's Black Feather and Down Padded Jacket. ","rating":3.4,"date":1458316650692},{"author":"nickname","text":"This Cherokee Women's Black Feather and Down Padded Jacket.  was fantastic. I have never been so happy with a product before in my life as I was with the Cherokee Women's Black Feather and Down Padded Jacket. ","rating":4.2,"date":1458316650692},{"author":"nickname","text":"This Cherokee Women's Black Feather and Down Padded Jacket.  was fantastic. I have never been so happy with a product before in my life as I was with the Cherokee Women's Black Feather and Down Padded Jacket. ","rating":4.1,"date":1458316650692}]	Perfect for individuals OR families, this product , a Cherokee Women's Black Feather and Down Padded Jacket. , is an absolute bargain at £20. It is extremely reliable, made with high quality materials, and comes with a 5-year quality guarantee.
Cherokee Women's Red Check Shirt	12.8	http://argos.scene7.com/is/image/Argos/3816143_R_SET?$Listers$	4	[{"author":"nickname","text":"This Cherokee Women's Red Check Shirt was fantastic. I have never been so happy with a product before in my life as I was with the Cherokee Women's Red Check Shirt","rating":4.9,"date":1458316650692},{"author":"nickname","text":"This Cherokee Women's Red Check Shirt was fantastic. I have never been so happy with a product before in my life as I was with the Cherokee Women's Red Check Shirt","rating":4.9,"date":1458316650692},{"author":"nickname","text":"This Cherokee Women's Red Check Shirt was fantastic. I have never been so happy with a product before in my life as I was with the Cherokee Women's Red Check Shirt","rating":4.6,"date":1458316650692}]	Perfect for individuals OR families, this product , a Cherokee Women's Red Check Shirt, is an absolute bargain at £12.8. It is extremely reliable, made with high quality materials, and comes with a 5-year quality guarantee.
Cherokee Women's Skinny Jeans. 	20	http://argos.scene7.com/is/image/Argos/3956663_R_SET?$Listers$	4	[{"author":"nickname","text":"This Cherokee Women's Skinny Jeans.  was fantastic. I have never been so happy with a product before in my life as I was with the Cherokee Women's Skinny Jeans. ","rating":3.9,"date":1458316650692},{"author":"nickname","text":"This Cherokee Women's Skinny Jeans.  was fantastic. I have never been so happy with a product before in my life as I was with the Cherokee Women's Skinny Jeans. ","rating":3.7,"date":1458316650692},{"author":"nickname","text":"This Cherokee Women's Skinny Jeans.  was fantastic. I have never been so happy with a product before in my life as I was with the Cherokee Women's Skinny Jeans. ","rating":4.4,"date":1458316650692}]	Perfect for individuals OR families, this product , a Cherokee Women's Skinny Jeans. , is an absolute bargain at £20. It is extremely reliable, made with high quality materials, and comes with a 5-year quality guarantee.
Cherokee Women's Peplum Cardigan	9	http://argos.scene7.com/is/image/Argos/4089436_R_SET?$Listers$	4	[{"author":"nickname","text":"This Cherokee Women's Peplum Cardigan was fantastic. I have never been so happy with a product before in my life as I was with the Cherokee Women's Peplum Cardigan","rating":3.9,"date":1458316650692},{"author":"nickname","text":"This Cherokee Women's Peplum Cardigan was fantastic. I have never been so happy with a product before in my life as I was with the Cherokee Women's Peplum Cardigan","rating":4.1,"date":1458316650692},{"author":"nickname","text":"This Cherokee Women's Peplum Cardigan was fantastic. I have never been so happy with a product before in my life as I was with the Cherokee Women's Peplum Cardigan","rating":4.3,"date":1458316650692}]	Perfect for individuals OR families, this product , a Cherokee Women's Peplum Cardigan, is an absolute bargain at £9. It is extremely reliable, made with high quality materials, and comes with a 5-year quality guarantee.
Cherokee Women's Button Detail Denim Skirt. 	15	http://argos.scene7.com/is/image/Argos/3858352_R_SET?$Listers$	4	[{"author":"nickname","text":"This Cherokee Women's Button Detail Denim Skirt.  was fantastic. I have never been so happy with a product before in my life as I was with the Cherokee Women's Button Detail Denim Skirt. ","rating":4.6,"date":1458316650692},{"author":"nickname","text":"This Cherokee Women's Button Detail Denim Skirt.  was fantastic. I have never been so happy with a product before in my life as I was with the Cherokee Women's Button Detail Denim Skirt. ","rating":4.8,"date":1458316650692},{"author":"nickname","text":"This Cherokee Women's Button Detail Denim Skirt.  was fantastic. I have never been so happy with a product before in my life as I was with the Cherokee Women's Button Detail Denim Skirt. ","rating":3.2,"date":1458316650692}]	Perfect for individuals OR families, this product , a Cherokee Women's Button Detail Denim Skirt. , is an absolute bargain at £15. It is extremely reliable, made with high quality materials, and comes with a 5-year quality guarantee.
Cherokee Women's Burgundy Coated Jeans. 	17.6	http://argos.scene7.com/is/image/Argos/3829219_R_SET?$Listers$	4	[{"author":"nickname","text":"This Cherokee Women's Burgundy Coated Jeans.  was fantastic. I have never been so happy with a product before in my life as I was with the Cherokee Women's Burgundy Coated Jeans. ","rating":3.3,"date":1458316650692},{"author":"nickname","text":"This Cherokee Women's Burgundy Coated Jeans.  was fantastic. I have never been so happy with a product before in my life as I was with the Cherokee Women's Burgundy Coated Jeans. ","rating":4.8,"date":1458316650692},{"author":"nickname","text":"This Cherokee Women's Burgundy Coated Jeans.  was fantastic. I have never been so happy with a product before in my life as I was with the Cherokee Women's Burgundy Coated Jeans. ","rating":4.9,"date":1458316650692}]	Perfect for individuals OR families, this product , a Cherokee Women's Burgundy Coated Jeans. , is an absolute bargain at £17.6. It is extremely reliable, made with high quality materials, and comes with a 5-year quality guarantee.
Cherokee Women's Fairisle Longline Jumper	6.99	http://argos.scene7.com/is/image/Argos/4127848_R_SET?$Listers$	4	[{"author":"nickname","text":"This Cherokee Women's Fairisle Longline Jumper was fantastic. I have never been so happy with a product before in my life as I was with the Cherokee Women's Fairisle Longline Jumper","rating":3.1,"date":1458316650692},{"author":"nickname","text":"This Cherokee Women's Fairisle Longline Jumper was fantastic. I have never been so happy with a product before in my life as I was with the Cherokee Women's Fairisle Longline Jumper","rating":4.6,"date":1458316650692},{"author":"nickname","text":"This Cherokee Women's Fairisle Longline Jumper was fantastic. I have never been so happy with a product before in my life as I was with the Cherokee Women's Fairisle Longline Jumper","rating":3.5,"date":1458316650692}]	Perfect for individuals OR families, this product , a Cherokee Women's Fairisle Longline Jumper, is an absolute bargain at £6.99. It is extremely reliable, made with high quality materials, and comes with a 5-year quality guarantee.
Cherokee Women's Indigo Jeggins. 	14	http://argos.scene7.com/is/image/Argos/3925814_R_SET?$Listers$	3	[{"author":"nickname","text":"This Cherokee Women's Indigo Jeggins.  was fantastic. I have never been so happy with a product before in my life as I was with the Cherokee Women's Indigo Jeggins. ","rating":3.5,"date":1458316650692},{"author":"nickname","text":"This Cherokee Women's Indigo Jeggins.  was fantastic. I have never been so happy with a product before in my life as I was with the Cherokee Women's Indigo Jeggins. ","rating":3.9,"date":1458316650692},{"author":"nickname","text":"This Cherokee Women's Indigo Jeggins.  was fantastic. I have never been so happy with a product before in my life as I was with the Cherokee Women's Indigo Jeggins. ","rating":3.5,"date":1458316650692}]	Perfect for individuals OR families, this product , a Cherokee Women's Indigo Jeggins. , is an absolute bargain at £14. It is extremely reliable, made with high quality materials, and comes with a 5-year quality guarantee.
Cherokee Women's Cheesecloth Casual Blouse. 	15	http://argos.scene7.com/is/image/Argos/3928206_R_SET?$Listers$	4	[{"author":"nickname","text":"This Cherokee Women's Cheesecloth Casual Blouse.  was fantastic. I have never been so happy with a product before in my life as I was with the Cherokee Women's Cheesecloth Casual Blouse. ","rating":4.4,"date":1458316650692},{"author":"nickname","text":"This Cherokee Women's Cheesecloth Casual Blouse.  was fantastic. I have never been so happy with a product before in my life as I was with the Cherokee Women's Cheesecloth Casual Blouse. ","rating":3.2,"date":1458316650692},{"author":"nickname","text":"This Cherokee Women's Cheesecloth Casual Blouse.  was fantastic. I have never been so happy with a product before in my life as I was with the Cherokee Women's Cheesecloth Casual Blouse. ","rating":4.9,"date":1458316650692}]	Perfect for individuals OR families, this product , a Cherokee Women's Cheesecloth Casual Blouse. , is an absolute bargain at £15. It is extremely reliable, made with high quality materials, and comes with a 5-year quality guarantee.
Cherokee Women's Fur Gilet. 	20	http://argos.scene7.com/is/image/Argos/4022455_R_SET?$Listers$	4	[{"author":"nickname","text":"This Cherokee Women's Fur Gilet.  was fantastic. I have never been so happy with a product before in my life as I was with the Cherokee Women's Fur Gilet. ","rating":3.2,"date":1458316650692},{"author":"nickname","text":"This Cherokee Women's Fur Gilet.  was fantastic. I have never been so happy with a product before in my life as I was with the Cherokee Women's Fur Gilet. ","rating":3.8,"date":1458316650692},{"author":"nickname","text":"This Cherokee Women's Fur Gilet.  was fantastic. I have never been so happy with a product before in my life as I was with the Cherokee Women's Fur Gilet. ","rating":4.7,"date":1458316650692}]	Perfect for individuals OR families, this product , a Cherokee Women's Fur Gilet. , is an absolute bargain at £20. It is extremely reliable, made with high quality materials, and comes with a 5-year quality guarantee.
Cherokee Girls' Palm Tree Swimsuit	6	http://argos.scene7.com/is/image/Argos/4539199_R_SET?$Listers$	4	[{"author":"nickname","text":"This Cherokee Girls' Palm Tree Swimsuit was fantastic. I have never been so happy with a product before in my life as I was with the Cherokee Girls' Palm Tree Swimsuit","rating":3.4,"date":1458316650692},{"author":"nickname","text":"This Cherokee Girls' Palm Tree Swimsuit was fantastic. I have never been so happy with a product before in my life as I was with the Cherokee Girls' Palm Tree Swimsuit","rating":3.6,"date":1458316650692},{"author":"nickname","text":"This Cherokee Girls' Palm Tree Swimsuit was fantastic. I have never been so happy with a product before in my life as I was with the Cherokee Girls' Palm Tree Swimsuit","rating":3,"date":1458316650692}]	Perfect for individuals OR families, this product , a Cherokee Girls' Palm Tree Swimsuit, is an absolute bargain at £6. It is extremely reliable, made with high quality materials, and comes with a 5-year quality guarantee.
Cherokee Women's Waterfall Cardigan	16	http://www.argos.co.uk/wcsstore/argos/images/674-4594684-ATY876T.jpg	3	[{"author":"nickname","text":"This Cherokee Women's Waterfall Cardigan was fantastic. I have never been so happy with a product before in my life as I was with the Cherokee Women's Waterfall Cardigan","rating":4.8,"date":1458316650692},{"author":"nickname","text":"This Cherokee Women's Waterfall Cardigan was fantastic. I have never been so happy with a product before in my life as I was with the Cherokee Women's Waterfall Cardigan","rating":4.8,"date":1458316650692},{"author":"nickname","text":"This Cherokee Women's Waterfall Cardigan was fantastic. I have never been so happy with a product before in my life as I was with the Cherokee Women's Waterfall Cardigan","rating":4.6,"date":1458316650692}]	Perfect for individuals OR families, this product , a Cherokee Women's Waterfall Cardigan, is an absolute bargain at £16. It is extremely reliable, made with high quality materials, and comes with a 5-year quality guarantee.
Cherokee Women's White Skinny Jeans	20	http://argos.scene7.com/is/image/Argos/4598848_R_SET?$Listers$	4	[{"author":"nickname","text":"This Cherokee Women's White Skinny Jeans was fantastic. I have never been so happy with a product before in my life as I was with the Cherokee Women's White Skinny Jeans","rating":3.7,"date":1458316650692},{"author":"nickname","text":"This Cherokee Women's White Skinny Jeans was fantastic. I have never been so happy with a product before in my life as I was with the Cherokee Women's White Skinny Jeans","rating":4.7,"date":1458316650692},{"author":"nickname","text":"This Cherokee Women's White Skinny Jeans was fantastic. I have never been so happy with a product before in my life as I was with the Cherokee Women's White Skinny Jeans","rating":4.1,"date":1458316650692}]	Perfect for individuals OR families, this product , a Cherokee Women's White Skinny Jeans, is an absolute bargain at £20. It is extremely reliable, made with high quality materials, and comes with a 5-year quality guarantee.
Cherokee Women's Navy Lace Cami Top	5	http://argos.scene7.com/is/image/Argos/4605913_R_SET?$Listers$	3	[{"author":"nickname","text":"This Cherokee Women's Navy Lace Cami Top was fantastic. I have never been so happy with a product before in my life as I was with the Cherokee Women's Navy Lace Cami Top","rating":4.8,"date":1458316650692},{"author":"nickname","text":"This Cherokee Women's Navy Lace Cami Top was fantastic. I have never been so happy with a product before in my life as I was with the Cherokee Women's Navy Lace Cami Top","rating":3.3,"date":1458316650692},{"author":"nickname","text":"This Cherokee Women's Navy Lace Cami Top was fantastic. I have never been so happy with a product before in my life as I was with the Cherokee Women's Navy Lace Cami Top","rating":4.4,"date":1458316650692}]	Perfect for individuals OR families, this product , a Cherokee Women's Navy Lace Cami Top, is an absolute bargain at £5. It is extremely reliable, made with high quality materials, and comes with a 5-year quality guarantee.
Cherokee Women's Denim Short	16	http://argos.scene7.com/is/image/Argos/4609067_R_SET?$Listers$	4	[{"author":"nickname","text":"This Cherokee Women's Denim Short was fantastic. I have never been so happy with a product before in my life as I was with the Cherokee Women's Denim Short","rating":4.9,"date":1458316650692},{"author":"nickname","text":"This Cherokee Women's Denim Short was fantastic. I have never been so happy with a product before in my life as I was with the Cherokee Women's Denim Short","rating":3.5,"date":1458316650692},{"author":"nickname","text":"This Cherokee Women's Denim Short was fantastic. I have never been so happy with a product before in my life as I was with the Cherokee Women's Denim Short","rating":4.6,"date":1458316650692}]	Perfect for individuals OR families, this product , a Cherokee Women's Denim Short, is an absolute bargain at £16. It is extremely reliable, made with high quality materials, and comes with a 5-year quality guarantee.
Cherokee Women's Hibiscus Tankini	12	http://argos.scene7.com/is/image/Argos/4487612_R_SET?$Listers$	4	[{"author":"nickname","text":"This Cherokee Women's Hibiscus Tankini was fantastic. I have never been so happy with a product before in my life as I was with the Cherokee Women's Hibiscus Tankini","rating":3.3,"date":1458316650692},{"author":"nickname","text":"This Cherokee Women's Hibiscus Tankini was fantastic. I have never been so happy with a product before in my life as I was with the Cherokee Women's Hibiscus Tankini","rating":3.7,"date":1458316650692},{"author":"nickname","text":"This Cherokee Women's Hibiscus Tankini was fantastic. I have never been so happy with a product before in my life as I was with the Cherokee Women's Hibiscus Tankini","rating":4.5,"date":1458316650692}]	Perfect for individuals OR families, this product , a Cherokee Women's Hibiscus Tankini, is an absolute bargain at £12. It is extremely reliable, made with high quality materials, and comes with a 5-year quality guarantee.
Cherokee Women's Hibiscus Woven Cami Top	10	http://argos.scene7.com/is/image/Argos/4607430_R_SET?$Listers$	4	[{"author":"nickname","text":"This Cherokee Women's Hibiscus Woven Cami Top was fantastic. I have never been so happy with a product before in my life as I was with the Cherokee Women's Hibiscus Woven Cami Top","rating":3.6,"date":1458316650692},{"author":"nickname","text":"This Cherokee Women's Hibiscus Woven Cami Top was fantastic. I have never been so happy with a product before in my life as I was with the Cherokee Women's Hibiscus Woven Cami Top","rating":4.6,"date":1458316650692},{"author":"nickname","text":"This Cherokee Women's Hibiscus Woven Cami Top was fantastic. I have never been so happy with a product before in my life as I was with the Cherokee Women's Hibiscus Woven Cami Top","rating":3.2,"date":1458316650692}]	Perfect for individuals OR families, this product , a Cherokee Women's Hibiscus Woven Cami Top, is an absolute bargain at £10. It is extremely reliable, made with high quality materials, and comes with a 5-year quality guarantee.
Cherokee Women's Swimsuit	10	http://www.argos.co.uk/wcsstore/argos/images/674-4606280-AUK491T.jpg	4	[{"author":"nickname","text":"This Cherokee Women's Swimsuit was fantastic. I have never been so happy with a product before in my life as I was with the Cherokee Women's Swimsuit","rating":4.1,"date":1458316650692},{"author":"nickname","text":"This Cherokee Women's Swimsuit was fantastic. I have never been so happy with a product before in my life as I was with the Cherokee Women's Swimsuit","rating":4.7,"date":1458316650692},{"author":"nickname","text":"This Cherokee Women's Swimsuit was fantastic. I have never been so happy with a product before in my life as I was with the Cherokee Women's Swimsuit","rating":4,"date":1458316650692}]	Perfect for individuals OR families, this product , a Cherokee Women's Swimsuit, is an absolute bargain at £10. It is extremely reliable, made with high quality materials, and comes with a 5-year quality guarantee.
Cherokee Women's Maxi Dress	18	http://argos.scene7.com/is/image/Argos/4607760_R_SET?$Listers$	3	[{"author":"nickname","text":"This Cherokee Women's Maxi Dress was fantastic. I have never been so happy with a product before in my life as I was with the Cherokee Women's Maxi Dress","rating":3,"date":1458316650692},{"author":"nickname","text":"This Cherokee Women's Maxi Dress was fantastic. I have never been so happy with a product before in my life as I was with the Cherokee Women's Maxi Dress","rating":3.5,"date":1458316650692},{"author":"nickname","text":"This Cherokee Women's Maxi Dress was fantastic. I have never been so happy with a product before in my life as I was with the Cherokee Women's Maxi Dress","rating":4.6,"date":1458316650692}]	Perfect for individuals OR families, this product , a Cherokee Women's Maxi Dress, is an absolute bargain at £18. It is extremely reliable, made with high quality materials, and comes with a 5-year quality guarantee.
Trespass Women's Purple Packaway Jacket	14.99	http://argos.scene7.com/is/image/Argos/3145766_R_SET?$Listers$	4	[{"author":"nickname","text":"This Trespass Women's Purple Packaway Jacket was fantastic. I have never been so happy with a product before in my life as I was with the Trespass Women's Purple Packaway Jacket","rating":4.1,"date":1458316650692},{"author":"nickname","text":"This Trespass Women's Purple Packaway Jacket was fantastic. I have never been so happy with a product before in my life as I was with the Trespass Women's Purple Packaway Jacket","rating":4.9,"date":1458316650692},{"author":"nickname","text":"This Trespass Women's Purple Packaway Jacket was fantastic. I have never been so happy with a product before in my life as I was with the Trespass Women's Purple Packaway Jacket","rating":3,"date":1458316650692}]	Perfect for individuals OR families, this product , a Trespass Women's Purple Packaway Jacket, is an absolute bargain at £14.99. It is extremely reliable, made with high quality materials, and comes with a 5-year quality guarantee.
Velform Sweat Shapers - XLarge	39.99	http://argos.scene7.com/is/image/Argos/2968511_R_SET?$Listers$	5	[{"author":"nickname","text":"This Velform Sweat Shapers - XLarge was fantastic. I have never been so happy with a product before in my life as I was with the Velform Sweat Shapers - XLarge","rating":4.2,"date":1458316650692},{"author":"nickname","text":"This Velform Sweat Shapers - XLarge was fantastic. I have never been so happy with a product before in my life as I was with the Velform Sweat Shapers - XLarge","rating":5,"date":1458316650692},{"author":"nickname","text":"This Velform Sweat Shapers - XLarge was fantastic. I have never been so happy with a product before in my life as I was with the Velform Sweat Shapers - XLarge","rating":3.8,"date":1458316650692}]	Perfect for individuals OR families, this product , a Velform Sweat Shapers - XLarge, is an absolute bargain at £39.99. It is extremely reliable, made with high quality materials, and comes with a 5-year quality guarantee.
Velform Sweat Shapers - XXLarge	39.99	http://argos.scene7.com/is/image/Argos/3040304_R_SET?$Listers$	4	[{"author":"nickname","text":"This Velform Sweat Shapers - XXLarge was fantastic. I have never been so happy with a product before in my life as I was with the Velform Sweat Shapers - XXLarge","rating":4.2,"date":1458316650693},{"author":"nickname","text":"This Velform Sweat Shapers - XXLarge was fantastic. I have never been so happy with a product before in my life as I was with the Velform Sweat Shapers - XXLarge","rating":3.4,"date":1458316650693},{"author":"nickname","text":"This Velform Sweat Shapers - XXLarge was fantastic. I have never been so happy with a product before in my life as I was with the Velform Sweat Shapers - XXLarge","rating":4.9,"date":1458316650693}]	Perfect for individuals OR families, this product , a Velform Sweat Shapers - XXLarge, is an absolute bargain at £39.99. It is extremely reliable, made with high quality materials, and comes with a 5-year quality guarantee.
Velform Sweat Shapers - Large	39.99	http://argos.scene7.com/is/image/Argos/2922708_R_SET?$Listers$	4	[{"author":"nickname","text":"This Velform Sweat Shapers - Large was fantastic. I have never been so happy with a product before in my life as I was with the Velform Sweat Shapers - Large","rating":4.9,"date":1458316650693},{"author":"nickname","text":"This Velform Sweat Shapers - Large was fantastic. I have never been so happy with a product before in my life as I was with the Velform Sweat Shapers - Large","rating":3.9,"date":1458316650693},{"author":"nickname","text":"This Velform Sweat Shapers - Large was fantastic. I have never been so happy with a product before in my life as I was with the Velform Sweat Shapers - Large","rating":3.5,"date":1458316650693}]	Perfect for individuals OR families, this product , a Velform Sweat Shapers - Large, is an absolute bargain at £39.99. It is extremely reliable, made with high quality materials, and comes with a 5-year quality guarantee.
Velform Sweat Shapers - Medium	39.99	http://argos.scene7.com/is/image/Argos/2975047_R_SET?$Listers$	4	[{"author":"nickname","text":"This Velform Sweat Shapers - Medium was fantastic. I have never been so happy with a product before in my life as I was with the Velform Sweat Shapers - Medium","rating":3.2,"date":1458316650693},{"author":"nickname","text":"This Velform Sweat Shapers - Medium was fantastic. I have never been so happy with a product before in my life as I was with the Velform Sweat Shapers - Medium","rating":5,"date":1458316650693},{"author":"nickname","text":"This Velform Sweat Shapers - Medium was fantastic. I have never been so happy with a product before in my life as I was with the Velform Sweat Shapers - Medium","rating":4.7,"date":1458316650693}]	Perfect for individuals OR families, this product , a Velform Sweat Shapers - Medium, is an absolute bargain at £39.99. It is extremely reliable, made with high quality materials, and comes with a 5-year quality guarantee.
Emma Bridgewater Women's Starry Skies Raincoat	44.99	http://argos.scene7.com/is/image/Argos/1896921_R_SET?$Listers$	5	[{"author":"nickname","text":"This Emma Bridgewater Women's Starry Skies Raincoat was fantastic. I have never been so happy with a product before in my life as I was with the Emma Bridgewater Women's Starry Skies Raincoat","rating":4.8,"date":1458316650693},{"author":"nickname","text":"This Emma Bridgewater Women's Starry Skies Raincoat was fantastic. I have never been so happy with a product before in my life as I was with the Emma Bridgewater Women's Starry Skies Raincoat","rating":4,"date":1458316650693},{"author":"nickname","text":"This Emma Bridgewater Women's Starry Skies Raincoat was fantastic. I have never been so happy with a product before in my life as I was with the Emma Bridgewater Women's Starry Skies Raincoat","rating":4.2,"date":1458316650693}]	Perfect for individuals OR families, this product , a Emma Bridgewater Women's Starry Skies Raincoat, is an absolute bargain at £44.99. It is extremely reliable, made with high quality materials, and comes with a 5-year quality guarantee.
Trespass Women's Purple Jacket	49.99	http://argos.scene7.com/is/image/Argos/2417196_R_SET?$Listers$	5	[{"author":"nickname","text":"This Trespass Women's Purple Jacket was fantastic. I have never been so happy with a product before in my life as I was with the Trespass Women's Purple Jacket","rating":3.8,"date":1458316650693},{"author":"nickname","text":"This Trespass Women's Purple Jacket was fantastic. I have never been so happy with a product before in my life as I was with the Trespass Women's Purple Jacket","rating":4.9,"date":1458316650693},{"author":"nickname","text":"This Trespass Women's Purple Jacket was fantastic. I have never been so happy with a product before in my life as I was with the Trespass Women's Purple Jacket","rating":4.4,"date":1458316650693}]	Perfect for individuals OR families, this product , a Trespass Women's Purple Jacket, is an absolute bargain at £49.99. It is extremely reliable, made with high quality materials, and comes with a 5-year quality guarantee.
Dare 2b Women's Psychedelic Bodywarmer. 	49.99	http://www.argos.co.uk/wcsstore/argos/images/568-8077949IEUC1038839T.jpg	4	[{"author":"nickname","text":"This Dare 2b Women's Psychedelic Bodywarmer.  was fantastic. I have never been so happy with a product before in my life as I was with the Dare 2b Women's Psychedelic Bodywarmer. ","rating":4.2,"date":1458316650693},{"author":"nickname","text":"This Dare 2b Women's Psychedelic Bodywarmer.  was fantastic. I have never been so happy with a product before in my life as I was with the Dare 2b Women's Psychedelic Bodywarmer. ","rating":4.9,"date":1458316650693},{"author":"nickname","text":"This Dare 2b Women's Psychedelic Bodywarmer.  was fantastic. I have never been so happy with a product before in my life as I was with the Dare 2b Women's Psychedelic Bodywarmer. ","rating":3.6,"date":1458316650693}]	Perfect for individuals OR families, this product , a Dare 2b Women's Psychedelic Bodywarmer. , is an absolute bargain at £49.99. It is extremely reliable, made with high quality materials, and comes with a 5-year quality guarantee.